Gene	2H	3H	Branch_Tested
apd-3	FALSE	TRUE	AllPostElaboration
Cac	TRUE	TRUE	AllPostElaboration
For	TRUE	TRUE	AllPostElaboration
LOC102654959	TRUE	TRUE	AllPostElaboration
LOC102655263	TRUE	TRUE	AllPostElaboration
LOC408343	TRUE	TRUE	AllPostElaboration
LOC408528	TRUE	TRUE	AllPostElaboration
LOC408619	TRUE	TRUE	AllPostElaboration
LOC408660	TRUE	TRUE	AllPostElaboration
LOC408862	TRUE	TRUE	AllPostElaboration
LOC408915	TRUE	TRUE	AllPostElaboration
LOC409000	TRUE	TRUE	AllPostElaboration
LOC409007	TRUE	TRUE	AllPostElaboration
LOC409039	TRUE	TRUE	AllPostElaboration
LOC409335	FALSE	TRUE	AllPostElaboration
LOC409377	TRUE	TRUE	AllPostElaboration
LOC409508	TRUE	TRUE	AllPostElaboration
LOC410567	TRUE	TRUE	AllPostElaboration
LOC410860	TRUE	TRUE	AllPostElaboration
LOC410865	TRUE	TRUE	AllPostElaboration
LOC410997	TRUE	TRUE	AllPostElaboration
LOC411494	TRUE	TRUE	AllPostElaboration
LOC411723	TRUE	TRUE	AllPostElaboration
LOC411836	TRUE	TRUE	AllPostElaboration
LOC411850	TRUE	TRUE	AllPostElaboration
LOC412694	TRUE	TRUE	AllPostElaboration
LOC412859	TRUE	TRUE	AllPostElaboration
LOC413246	TRUE	TRUE	AllPostElaboration
LOC413341	TRUE	TRUE	AllPostElaboration
LOC551080	TRUE	TRUE	AllPostElaboration
LOC551123	TRUE	TRUE	AllPostElaboration
LOC551173	TRUE	TRUE	AllPostElaboration
LOC551551	TRUE	TRUE	AllPostElaboration
LOC551666	TRUE	TRUE	AllPostElaboration
LOC551754	TRUE	TRUE	AllPostElaboration
LOC551892	TRUE	TRUE	AllPostElaboration
LOC552315	TRUE	TRUE	AllPostElaboration
LOC552505	TRUE	TRUE	AllPostElaboration
LOC724150	TRUE	TRUE	AllPostElaboration
LOC724195	FALSE	TRUE	AllPostElaboration
LOC724292	TRUE	TRUE	AllPostElaboration
LOC724310	TRUE	TRUE	AllPostElaboration
LOC724607	TRUE	TRUE	AllPostElaboration
LOC724936	TRUE	TRUE	AllPostElaboration
LOC724979	FALSE	FALSE	AllPostElaboration
LOC725336	TRUE	TRUE	AllPostElaboration
LOC725960	TRUE	TRUE	AllPostElaboration
Nedd9	TRUE	TRUE	AllPostElaboration
apd-3	FALSE	TRUE	AllPostOrigin
LOC100578119	FALSE	FALSE	AllPostOrigin
LOC408752	FALSE	FALSE	AllPostOrigin
LOC409318	FALSE	FALSE	AllPostOrigin
LOC409486	TRUE	TRUE	AllPostOrigin
LOC409933	TRUE	TRUE	AllPostOrigin
LOC410398	TRUE	TRUE	AllPostOrigin
LOC410694	TRUE	TRUE	AllPostOrigin
LOC413189	FALSE	FALSE	AllPostOrigin
LOC413280	FALSE	FALSE	AllPostOrigin
LOC414021	FALSE	FALSE	AllPostOrigin
LOC551005	TRUE	TRUE	AllPostOrigin
LOC551497	TRUE	TRUE	AllPostOrigin
LOC552017	TRUE	FALSE	AllPostOrigin
LOC552074	TRUE	TRUE	AllPostOrigin
LOC724195	FALSE	TRUE	AllPostOrigin
LOC724292	TRUE	TRUE	AllPostOrigin
LOC725336	TRUE	TRUE	AllPostOrigin
LOC727249	TRUE	TRUE	AllPostOrigin
Dl	TRUE	TRUE	AllSolitary
LOC107964404	FALSE	FALSE	AllSolitary
LOC113218774	FALSE	FALSE	AllSolitary
LOC408586	FALSE	TRUE	AllSolitary
LOC409351	FALSE	FALSE	AllSolitary
LOC411088	FALSE	FALSE	AllSolitary
LOC411693	FALSE	FALSE	AllSolitary
LOC412598	FALSE	FALSE	AllSolitary
LOC552599	FALSE	FALSE	AllSolitary
LOC727634	FALSE	FALSE	AllSolitary
Dop1	TRUE	TRUE	Apis
LOC100576369	TRUE	TRUE	Apis
LOC100576640	TRUE	TRUE	Apis
LOC100576818	TRUE	TRUE	Apis
LOC100577194	FALSE	FALSE	Apis
LOC100577409	TRUE	TRUE	Apis
LOC100577527	TRUE	TRUE	Apis
LOC100577656	TRUE	TRUE	Apis
LOC100578247	TRUE	TRUE	Apis
LOC100578600	TRUE	TRUE	Apis
LOC100578927	FALSE	TRUE	Apis
LOC100578999	TRUE	TRUE	Apis
LOC100579026	TRUE	TRUE	Apis
LOC102654959	TRUE	TRUE	Apis
LOC102655819	TRUE	TRUE	Apis
LOC102656656	TRUE	TRUE	Apis
LOC408293	TRUE	TRUE	Apis
LOC408333	TRUE	TRUE	Apis
LOC408354	TRUE	TRUE	Apis
LOC408374	TRUE	TRUE	Apis
LOC408414	TRUE	TRUE	Apis
LOC408471	TRUE	TRUE	Apis
LOC408551	TRUE	TRUE	Apis
LOC408619	TRUE	TRUE	Apis
LOC408660	TRUE	TRUE	Apis
LOC408708	TRUE	TRUE	Apis
LOC409000	TRUE	TRUE	Apis
LOC409039	TRUE	TRUE	Apis
LOC409221	TRUE	TRUE	Apis
LOC409292	TRUE	TRUE	Apis
LOC409671	FALSE	TRUE	Apis
LOC409714	TRUE	TRUE	Apis
LOC409734	TRUE	TRUE	Apis
LOC409756	FALSE	FALSE	Apis
LOC409945	TRUE	TRUE	Apis
LOC410067	TRUE	TRUE	Apis
LOC410183	FALSE	FALSE	Apis
LOC410352	TRUE	TRUE	Apis
LOC410363	TRUE	TRUE	Apis
LOC410379	TRUE	TRUE	Apis
LOC410567	TRUE	TRUE	Apis
LOC410622	TRUE	TRUE	Apis
LOC410865	TRUE	TRUE	Apis
LOC410925	TRUE	TRUE	Apis
LOC411115	TRUE	TRUE	Apis
LOC411495	TRUE	TRUE	Apis
LOC411599	TRUE	TRUE	Apis
LOC411917	TRUE	TRUE	Apis
LOC411920	TRUE	TRUE	Apis
LOC411982	TRUE	FALSE	Apis
LOC412000	TRUE	TRUE	Apis
LOC412422	FALSE	FALSE	Apis
LOC412787	TRUE	TRUE	Apis
LOC413018	FALSE	TRUE	Apis
LOC413194	TRUE	TRUE	Apis
LOC413319	TRUE	TRUE	Apis
LOC413427	TRUE	TRUE	Apis
LOC413534	TRUE	TRUE	Apis
LOC413582	TRUE	TRUE	Apis
LOC413917	TRUE	TRUE	Apis
LOC550964	TRUE	TRUE	Apis
LOC551080	TRUE	TRUE	Apis
LOC551111	TRUE	TRUE	Apis
LOC551173	TRUE	TRUE	Apis
LOC551207	TRUE	TRUE	Apis
LOC551498	TRUE	TRUE	Apis
LOC551506	TRUE	TRUE	Apis
LOC551551	TRUE	TRUE	Apis
LOC552017	TRUE	FALSE	Apis
LOC552113	TRUE	TRUE	Apis
LOC552257	TRUE	TRUE	Apis
LOC552317	TRUE	TRUE	Apis
LOC552472	FALSE	FALSE	Apis
LOC552505	TRUE	TRUE	Apis
LOC552664	TRUE	TRUE	Apis
LOC552740	TRUE	TRUE	Apis
LOC552779	TRUE	TRUE	Apis
LOC552849	TRUE	TRUE	Apis
LOC724225	TRUE	TRUE	Apis
LOC724252	TRUE	TRUE	Apis
LOC724344	TRUE	TRUE	Apis
LOC724603	FALSE	TRUE	Apis
LOC724926	TRUE	TRUE	Apis
LOC724935	TRUE	FALSE	Apis
LOC724953	TRUE	TRUE	Apis
LOC725149	FALSE	FALSE	Apis
LOC725317	TRUE	TRUE	Apis
LOC725336	TRUE	TRUE	Apis
LOC725348	TRUE	TRUE	Apis
LOC725405	TRUE	TRUE	Apis
LOC725515	FALSE	FALSE	Apis
LOC725586	FALSE	FALSE	Apis
LOC725589	TRUE	TRUE	Apis
LOC725594	TRUE	TRUE	Apis
LOC725893	TRUE	TRUE	Apis
LOC725960	TRUE	TRUE	Apis
LOC726215	TRUE	TRUE	Apis
LOC726219	TRUE	TRUE	Apis
LOC726522	TRUE	TRUE	Apis
LOC726890	FALSE	FALSE	Apis
LOC727186	TRUE	FALSE	Apis
LOC408752	FALSE	FALSE	CorbSoc
LOC409318	FALSE	FALSE	CorbSoc
LOC410398	TRUE	TRUE	CorbSoc
LOC410694	TRUE	TRUE	CorbSoc
LOC411181	FALSE	FALSE	CorbSoc
LOC412422	FALSE	FALSE	CorbSoc
LOC413280	FALSE	FALSE	CorbSoc
LOC551073	FALSE	FALSE	CorbSoc
LOC552074	TRUE	TRUE	CorbSoc
LOC724195	FALSE	TRUE	CorbSoc
LOC724936	TRUE	TRUE	CorbSoc
LOC725336	TRUE	TRUE	CorbSoc
Amel_8916	TRUE	TRUE	Habro
Brd7	FALSE	FALSE	Habro
Dcr-1	TRUE	TRUE	Habro
Dl	TRUE	TRUE	Habro
LOC100576346	TRUE	TRUE	Habro
LOC100576374	TRUE	TRUE	Habro
LOC100576433	TRUE	TRUE	Habro
LOC100576461	FALSE	FALSE	Habro
LOC100576472	TRUE	TRUE	Habro
LOC100576527	FALSE	FALSE	Habro
LOC100576677	TRUE	TRUE	Habro
LOC100576703	TRUE	TRUE	Habro
LOC100576915	TRUE	TRUE	Habro
LOC100576963	TRUE	TRUE	Habro
LOC100577905	TRUE	TRUE	Habro
LOC100577972	TRUE	TRUE	Habro
LOC100578132	FALSE	FALSE	Habro
LOC100578246	FALSE	FALSE	Habro
LOC100578406	FALSE	FALSE	Habro
LOC100578450	TRUE	TRUE	Habro
LOC100578828	TRUE	TRUE	Habro
LOC102654365	TRUE	TRUE	Habro
LOC102654510	FALSE	FALSE	Habro
LOC102654653	FALSE	FALSE	Habro
LOC107964404	FALSE	FALSE	Habro
LOC113218829	TRUE	TRUE	Habro
LOC408433	FALSE	FALSE	Habro
LOC408526	FALSE	FALSE	Habro
LOC408551	TRUE	TRUE	Habro
LOC408586	FALSE	TRUE	Habro
LOC408708	TRUE	TRUE	Habro
LOC408714	TRUE	TRUE	Habro
LOC408791	TRUE	TRUE	Habro
LOC408902	FALSE	FALSE	Habro
LOC408923	TRUE	TRUE	Habro
LOC409026	TRUE	TRUE	Habro
LOC409106	TRUE	TRUE	Habro
LOC409134	FALSE	FALSE	Habro
LOC409139	FALSE	FALSE	Habro
LOC409170	TRUE	TRUE	Habro
LOC409351	FALSE	FALSE	Habro
LOC409410	TRUE	TRUE	Habro
LOC409417	FALSE	FALSE	Habro
LOC409440	FALSE	FALSE	Habro
LOC409476	FALSE	FALSE	Habro
LOC409483	TRUE	TRUE	Habro
LOC409499	FALSE	TRUE	Habro
LOC409511	FALSE	FALSE	Habro
LOC409536	FALSE	FALSE	Habro
LOC409571	TRUE	TRUE	Habro
LOC409589	FALSE	FALSE	Habro
LOC409668	FALSE	FALSE	Habro
LOC409673	TRUE	TRUE	Habro
LOC409734	TRUE	TRUE	Habro
LOC409778	FALSE	TRUE	Habro
LOC409919	TRUE	TRUE	Habro
LOC409934	FALSE	FALSE	Habro
LOC409950	TRUE	TRUE	Habro
LOC409979	TRUE	TRUE	Habro
LOC410159	TRUE	TRUE	Habro
LOC410355	TRUE	TRUE	Habro
LOC410507	TRUE	TRUE	Habro
LOC410541	TRUE	TRUE	Habro
LOC410546	FALSE	FALSE	Habro
LOC410565	FALSE	FALSE	Habro
LOC410777	TRUE	TRUE	Habro
LOC410948	FALSE	FALSE	Habro
LOC411047	TRUE	TRUE	Habro
LOC411053	TRUE	TRUE	Habro
LOC411059	FALSE	FALSE	Habro
LOC411062	FALSE	FALSE	Habro
LOC411088	FALSE	FALSE	Habro
LOC411186	FALSE	FALSE	Habro
LOC411199	FALSE	FALSE	Habro
LOC411361	FALSE	FALSE	Habro
LOC411469	FALSE	FALSE	Habro
LOC411510	TRUE	TRUE	Habro
LOC411582	FALSE	FALSE	Habro
LOC411589	FALSE	FALSE	Habro
LOC411619	TRUE	TRUE	Habro
LOC411693	FALSE	FALSE	Habro
LOC411707	TRUE	TRUE	Habro
LOC411724	TRUE	TRUE	Habro
LOC411730	TRUE	TRUE	Habro
LOC411758	FALSE	FALSE	Habro
LOC411797	FALSE	FALSE	Habro
LOC411805	TRUE	TRUE	Habro
LOC411886	TRUE	TRUE	Habro
LOC411942	TRUE	TRUE	Habro
LOC411960	FALSE	FALSE	Habro
LOC411985	FALSE	FALSE	Habro
LOC411995	TRUE	TRUE	Habro
LOC412002	TRUE	TRUE	Habro
LOC412018	FALSE	FALSE	Habro
LOC412084	FALSE	FALSE	Habro
LOC412104	TRUE	TRUE	Habro
LOC412157	FALSE	FALSE	Habro
LOC412224	TRUE	TRUE	Habro
LOC412232	TRUE	TRUE	Habro
LOC412245	FALSE	FALSE	Habro
LOC412435	FALSE	FALSE	Habro
LOC412491	FALSE	FALSE	Habro
LOC412687	FALSE	FALSE	Habro
LOC412764	FALSE	FALSE	Habro
LOC412806	FALSE	FALSE	Habro
LOC412815	TRUE	TRUE	Habro
LOC412825	TRUE	TRUE	Habro
LOC412834	FALSE	FALSE	Habro
LOC412862	TRUE	TRUE	Habro
LOC412965	FALSE	FALSE	Habro
LOC413001	TRUE	TRUE	Habro
LOC413018	FALSE	TRUE	Habro
LOC413030	FALSE	FALSE	Habro
LOC413032	FALSE	FALSE	Habro
LOC413228	FALSE	FALSE	Habro
LOC413299	FALSE	FALSE	Habro
LOC413389	FALSE	FALSE	Habro
LOC413407	TRUE	TRUE	Habro
LOC413430	FALSE	FALSE	Habro
LOC413498	FALSE	FALSE	Habro
LOC413524	TRUE	TRUE	Habro
LOC413547	FALSE	FALSE	Habro
LOC413670	FALSE	FALSE	Habro
LOC413759	FALSE	FALSE	Habro
LOC413785	FALSE	FALSE	Habro
LOC413821	FALSE	FALSE	Habro
LOC414009	FALSE	FALSE	Habro
LOC414017	FALSE	FALSE	Habro
LOC551016	TRUE	TRUE	Habro
LOC551087	TRUE	TRUE	Habro
LOC551193	FALSE	FALSE	Habro
LOC551424	FALSE	FALSE	Habro
LOC551435	FALSE	FALSE	Habro
LOC551536	FALSE	FALSE	Habro
LOC551566	TRUE	TRUE	Habro
LOC551613	TRUE	TRUE	Habro
LOC551636	FALSE	FALSE	Habro
LOC551668	FALSE	FALSE	Habro
LOC551724	TRUE	TRUE	Habro
LOC551738	FALSE	FALSE	Habro
LOC551745	FALSE	FALSE	Habro
LOC551907	TRUE	TRUE	Habro
LOC551947	FALSE	FALSE	Habro
LOC551958	FALSE	TRUE	Habro
LOC551960	FALSE	FALSE	Habro
LOC551997	TRUE	TRUE	Habro
LOC552016	FALSE	FALSE	Habro
LOC552053	FALSE	FALSE	Habro
LOC552082	FALSE	FALSE	Habro
LOC552156	FALSE	FALSE	Habro
LOC552254	TRUE	TRUE	Habro
LOC552315	TRUE	TRUE	Habro
LOC552319	FALSE	FALSE	Habro
LOC552336	FALSE	FALSE	Habro
LOC552372	FALSE	FALSE	Habro
LOC552497	FALSE	FALSE	Habro
LOC552520	FALSE	FALSE	Habro
LOC552574	TRUE	TRUE	Habro
LOC552599	FALSE	FALSE	Habro
LOC552642	TRUE	TRUE	Habro
LOC552651	TRUE	TRUE	Habro
LOC552677	FALSE	FALSE	Habro
LOC552738	TRUE	TRUE	Habro
LOC724287	FALSE	FALSE	Habro
LOC724501	TRUE	TRUE	Habro
LOC724502	FALSE	FALSE	Habro
LOC724510	TRUE	TRUE	Habro
LOC724548	FALSE	FALSE	Habro
LOC724571	TRUE	TRUE	Habro
LOC724656	TRUE	TRUE	Habro
LOC724665	TRUE	TRUE	Habro
LOC724724	TRUE	TRUE	Habro
LOC724787	FALSE	FALSE	Habro
LOC725197	FALSE	FALSE	Habro
LOC725218	FALSE	FALSE	Habro
LOC725294	TRUE	FALSE	Habro
LOC725379	FALSE	FALSE	Habro
LOC725400	FALSE	FALSE	Habro
LOC725594	TRUE	TRUE	Habro
LOC725896	TRUE	TRUE	Habro
LOC726077	TRUE	TRUE	Habro
LOC726110	FALSE	FALSE	Habro
LOC726130	TRUE	TRUE	Habro
LOC726354	FALSE	FALSE	Habro
LOC726367	TRUE	TRUE	Habro
LOC726524	TRUE	TRUE	Habro
LOC726537	TRUE	TRUE	Habro
LOC726874	TRUE	TRUE	Habro
LOC726928	FALSE	FALSE	Habro
LOC726949	FALSE	FALSE	Habro
LOC727001	TRUE	TRUE	Habro
LOC727396	TRUE	TRUE	Habro
LOC727447	FALSE	FALSE	Habro
LOC727652	TRUE	TRUE	Habro
Ppib	FALSE	FALSE	Habro
Tpcn1	FALSE	FALSE	Habro
apd-3	FALSE	TRUE	Lasioglossum
CytC	FALSE	FALSE	Lasioglossum
Ef-1a-f1	FALSE	FALSE	Lasioglossum
Gfat2	TRUE	TRUE	Lasioglossum
Grd	FALSE	FALSE	Lasioglossum
LOC100576321	TRUE	TRUE	Lasioglossum
LOC100576346	TRUE	TRUE	Lasioglossum
LOC100576512	TRUE	TRUE	Lasioglossum
LOC100576667	TRUE	TRUE	Lasioglossum
LOC100576671	TRUE	TRUE	Lasioglossum
LOC100576812	TRUE	TRUE	Lasioglossum
LOC100576912	TRUE	TRUE	Lasioglossum
LOC100576947	FALSE	FALSE	Lasioglossum
LOC100577053	FALSE	FALSE	Lasioglossum
LOC100577198	TRUE	TRUE	Lasioglossum
LOC100577231	TRUE	TRUE	Lasioglossum
LOC100577280	TRUE	TRUE	Lasioglossum
LOC100577325	TRUE	TRUE	Lasioglossum
LOC100577363	FALSE	FALSE	Lasioglossum
LOC100577369	TRUE	TRUE	Lasioglossum
LOC100577376	TRUE	TRUE	Lasioglossum
LOC100577397	TRUE	TRUE	Lasioglossum
LOC100577401	FALSE	FALSE	Lasioglossum
LOC100577472	FALSE	FALSE	Lasioglossum
LOC100577530	TRUE	TRUE	Lasioglossum
LOC100577638	TRUE	TRUE	Lasioglossum
LOC100577644	FALSE	FALSE	Lasioglossum
LOC100577687	FALSE	FALSE	Lasioglossum
LOC100577739	FALSE	FALSE	Lasioglossum
LOC100577901	TRUE	TRUE	Lasioglossum
LOC100577972	TRUE	TRUE	Lasioglossum
LOC100577980	TRUE	TRUE	Lasioglossum
LOC100578031	FALSE	FALSE	Lasioglossum
LOC100578071	TRUE	TRUE	Lasioglossum
LOC100578126	FALSE	TRUE	Lasioglossum
LOC100578201	TRUE	TRUE	Lasioglossum
LOC100578207	TRUE	TRUE	Lasioglossum
LOC100578237	TRUE	TRUE	Lasioglossum
LOC100578289	FALSE	FALSE	Lasioglossum
LOC100578298	FALSE	FALSE	Lasioglossum
LOC100578515	TRUE	TRUE	Lasioglossum
LOC100578537	TRUE	TRUE	Lasioglossum
LOC100578556	FALSE	FALSE	Lasioglossum
LOC100578563	FALSE	FALSE	Lasioglossum
LOC100578587	TRUE	TRUE	Lasioglossum
LOC100578600	TRUE	TRUE	Lasioglossum
LOC100578606	TRUE	TRUE	Lasioglossum
LOC100578852	FALSE	FALSE	Lasioglossum
LOC100578939	TRUE	TRUE	Lasioglossum
LOC102653780	TRUE	TRUE	Lasioglossum
LOC102653793	FALSE	FALSE	Lasioglossum
LOC102654640	TRUE	TRUE	Lasioglossum
LOC102654839	FALSE	FALSE	Lasioglossum
LOC102654959	TRUE	TRUE	Lasioglossum
LOC102655126	TRUE	TRUE	Lasioglossum
LOC102655429	TRUE	TRUE	Lasioglossum
LOC102656656	TRUE	TRUE	Lasioglossum
LOC102656766	TRUE	TRUE	Lasioglossum
LOC107964839	TRUE	TRUE	Lasioglossum
LOC107964884	FALSE	FALSE	Lasioglossum
LOC107965828	FALSE	FALSE	Lasioglossum
LOC113218580	FALSE	FALSE	Lasioglossum
LOC113219045	FALSE	FALSE	Lasioglossum
LOC406124	TRUE	FALSE	Lasioglossum
LOC408298	TRUE	TRUE	Lasioglossum
LOC408412	FALSE	FALSE	Lasioglossum
LOC408494	FALSE	FALSE	Lasioglossum
LOC408497	TRUE	TRUE	Lasioglossum
LOC408551	TRUE	TRUE	Lasioglossum
LOC408552	TRUE	TRUE	Lasioglossum
LOC408618	TRUE	TRUE	Lasioglossum
LOC408656	FALSE	TRUE	Lasioglossum
LOC408675	TRUE	TRUE	Lasioglossum
LOC408693	FALSE	FALSE	Lasioglossum
LOC408717	FALSE	FALSE	Lasioglossum
LOC408721	FALSE	FALSE	Lasioglossum
LOC408762	FALSE	FALSE	Lasioglossum
LOC408766	TRUE	TRUE	Lasioglossum
LOC408862	TRUE	TRUE	Lasioglossum
LOC408863	TRUE	TRUE	Lasioglossum
LOC408869	FALSE	TRUE	Lasioglossum
LOC408874	TRUE	TRUE	Lasioglossum
LOC408877	TRUE	TRUE	Lasioglossum
LOC408889	FALSE	FALSE	Lasioglossum
LOC408890	FALSE	FALSE	Lasioglossum
LOC408910	FALSE	FALSE	Lasioglossum
LOC408916	FALSE	FALSE	Lasioglossum
LOC408958	TRUE	TRUE	Lasioglossum
LOC409034	TRUE	TRUE	Lasioglossum
LOC409039	TRUE	TRUE	Lasioglossum
LOC409059	TRUE	TRUE	Lasioglossum
LOC409077	FALSE	FALSE	Lasioglossum
LOC409119	FALSE	FALSE	Lasioglossum
LOC409125	TRUE	TRUE	Lasioglossum
LOC409184	FALSE	FALSE	Lasioglossum
LOC409186	FALSE	TRUE	Lasioglossum
LOC409203	TRUE	TRUE	Lasioglossum
LOC409235	FALSE	FALSE	Lasioglossum
LOC409267	FALSE	FALSE	Lasioglossum
LOC409331	FALSE	FALSE	Lasioglossum
LOC409357	TRUE	FALSE	Lasioglossum
LOC409390	TRUE	TRUE	Lasioglossum
LOC409417	FALSE	FALSE	Lasioglossum
LOC409422	FALSE	FALSE	Lasioglossum
LOC409442	FALSE	FALSE	Lasioglossum
LOC409460	TRUE	TRUE	Lasioglossum
LOC409486	TRUE	TRUE	Lasioglossum
LOC409511	FALSE	FALSE	Lasioglossum
LOC409525	TRUE	TRUE	Lasioglossum
LOC409564	FALSE	FALSE	Lasioglossum
LOC409565	TRUE	TRUE	Lasioglossum
LOC409609	TRUE	TRUE	Lasioglossum
LOC409616	TRUE	TRUE	Lasioglossum
LOC409643	FALSE	FALSE	Lasioglossum
LOC409714	TRUE	TRUE	Lasioglossum
LOC409718	FALSE	FALSE	Lasioglossum
LOC409778	FALSE	TRUE	Lasioglossum
LOC409887	FALSE	FALSE	Lasioglossum
LOC409894	FALSE	FALSE	Lasioglossum
LOC409921	TRUE	TRUE	Lasioglossum
LOC409933	TRUE	TRUE	Lasioglossum
LOC409993	TRUE	TRUE	Lasioglossum
LOC410054	FALSE	FALSE	Lasioglossum
LOC410067	TRUE	TRUE	Lasioglossum
LOC410114	TRUE	TRUE	Lasioglossum
LOC410159	TRUE	TRUE	Lasioglossum
LOC410239	FALSE	FALSE	Lasioglossum
LOC410253	FALSE	FALSE	Lasioglossum
LOC410379	TRUE	TRUE	Lasioglossum
LOC410408	TRUE	TRUE	Lasioglossum
LOC410468	FALSE	FALSE	Lasioglossum
LOC410470	FALSE	FALSE	Lasioglossum
LOC410482	TRUE	TRUE	Lasioglossum
LOC410493	FALSE	FALSE	Lasioglossum
LOC410571	TRUE	TRUE	Lasioglossum
LOC410575	TRUE	TRUE	Lasioglossum
LOC410643	TRUE	TRUE	Lasioglossum
LOC410658	FALSE	FALSE	Lasioglossum
LOC410766	TRUE	TRUE	Lasioglossum
LOC410776	FALSE	FALSE	Lasioglossum
LOC410788	TRUE	TRUE	Lasioglossum
LOC410802	FALSE	FALSE	Lasioglossum
LOC410825	TRUE	TRUE	Lasioglossum
LOC410851	FALSE	FALSE	Lasioglossum
LOC410865	TRUE	TRUE	Lasioglossum
LOC410886	FALSE	FALSE	Lasioglossum
LOC410896	FALSE	FALSE	Lasioglossum
LOC410986	TRUE	TRUE	Lasioglossum
LOC411053	TRUE	TRUE	Lasioglossum
LOC411083	TRUE	TRUE	Lasioglossum
LOC411099	FALSE	FALSE	Lasioglossum
LOC411115	TRUE	TRUE	Lasioglossum
LOC411176	TRUE	TRUE	Lasioglossum
LOC411204	FALSE	FALSE	Lasioglossum
LOC411213	TRUE	TRUE	Lasioglossum
LOC411227	TRUE	TRUE	Lasioglossum
LOC411288	FALSE	FALSE	Lasioglossum
LOC411345	FALSE	TRUE	Lasioglossum
LOC411450	FALSE	FALSE	Lasioglossum
LOC411474	TRUE	TRUE	Lasioglossum
LOC411494	TRUE	TRUE	Lasioglossum
LOC411539	TRUE	TRUE	Lasioglossum
LOC411575	FALSE	FALSE	Lasioglossum
LOC411586	TRUE	TRUE	Lasioglossum
LOC411600	FALSE	FALSE	Lasioglossum
LOC411670	TRUE	TRUE	Lasioglossum
LOC411744	FALSE	FALSE	Lasioglossum
LOC411772	FALSE	FALSE	Lasioglossum
LOC411794	FALSE	FALSE	Lasioglossum
LOC411833	TRUE	TRUE	Lasioglossum
LOC411919	FALSE	FALSE	Lasioglossum
LOC411920	TRUE	TRUE	Lasioglossum
LOC411930	TRUE	TRUE	Lasioglossum
LOC411978	FALSE	FALSE	Lasioglossum
LOC411981	TRUE	TRUE	Lasioglossum
LOC411982	TRUE	FALSE	Lasioglossum
LOC411997	TRUE	TRUE	Lasioglossum
LOC412002	TRUE	TRUE	Lasioglossum
LOC412008	TRUE	TRUE	Lasioglossum
LOC412034	FALSE	FALSE	Lasioglossum
LOC412069	TRUE	TRUE	Lasioglossum
LOC412081	TRUE	TRUE	Lasioglossum
LOC412099	FALSE	FALSE	Lasioglossum
LOC412103	FALSE	FALSE	Lasioglossum
LOC412119	FALSE	FALSE	Lasioglossum
LOC412167	TRUE	TRUE	Lasioglossum
LOC412278	TRUE	TRUE	Lasioglossum
LOC412464	TRUE	TRUE	Lasioglossum
LOC412488	FALSE	FALSE	Lasioglossum
LOC412510	FALSE	FALSE	Lasioglossum
LOC412616	FALSE	FALSE	Lasioglossum
LOC412665	FALSE	FALSE	Lasioglossum
LOC412690	FALSE	FALSE	Lasioglossum
LOC412748	TRUE	TRUE	Lasioglossum
LOC412775	TRUE	TRUE	Lasioglossum
LOC412815	TRUE	TRUE	Lasioglossum
LOC412817	TRUE	TRUE	Lasioglossum
LOC412825	TRUE	TRUE	Lasioglossum
LOC412855	FALSE	TRUE	Lasioglossum
LOC412858	FALSE	FALSE	Lasioglossum
LOC412859	TRUE	TRUE	Lasioglossum
LOC412897	TRUE	TRUE	Lasioglossum
LOC412919	FALSE	FALSE	Lasioglossum
LOC413018	FALSE	TRUE	Lasioglossum
LOC413024	FALSE	FALSE	Lasioglossum
LOC413086	TRUE	TRUE	Lasioglossum
LOC413089	TRUE	TRUE	Lasioglossum
LOC413106	TRUE	TRUE	Lasioglossum
LOC413113	TRUE	TRUE	Lasioglossum
LOC413120	FALSE	FALSE	Lasioglossum
LOC413132	TRUE	TRUE	Lasioglossum
LOC413133	FALSE	FALSE	Lasioglossum
LOC413134	FALSE	FALSE	Lasioglossum
LOC413153	FALSE	FALSE	Lasioglossum
LOC413170	TRUE	TRUE	Lasioglossum
LOC413200	TRUE	TRUE	Lasioglossum
LOC413242	FALSE	FALSE	Lasioglossum
LOC413270	TRUE	TRUE	Lasioglossum
LOC413310	TRUE	TRUE	Lasioglossum
LOC413383	TRUE	TRUE	Lasioglossum
LOC413408	FALSE	FALSE	Lasioglossum
LOC413523	FALSE	FALSE	Lasioglossum
LOC413557	FALSE	FALSE	Lasioglossum
LOC413576	FALSE	FALSE	Lasioglossum
LOC413594	FALSE	FALSE	Lasioglossum
LOC413607	TRUE	TRUE	Lasioglossum
LOC413759	FALSE	FALSE	Lasioglossum
LOC413805	FALSE	FALSE	Lasioglossum
LOC413810	TRUE	TRUE	Lasioglossum
LOC413814	FALSE	FALSE	Lasioglossum
LOC413854	FALSE	FALSE	Lasioglossum
LOC413906	TRUE	TRUE	Lasioglossum
LOC413907	FALSE	FALSE	Lasioglossum
LOC413936	FALSE	FALSE	Lasioglossum
LOC413977	FALSE	FALSE	Lasioglossum
LOC414017	FALSE	FALSE	Lasioglossum
LOC414035	FALSE	FALSE	Lasioglossum
LOC550716	FALSE	FALSE	Lasioglossum
LOC550791	TRUE	TRUE	Lasioglossum
LOC550941	TRUE	TRUE	Lasioglossum
LOC550964	TRUE	TRUE	Lasioglossum
LOC550978	FALSE	FALSE	Lasioglossum
LOC551041	FALSE	FALSE	Lasioglossum
LOC551086	TRUE	TRUE	Lasioglossum
LOC551130	TRUE	TRUE	Lasioglossum
LOC551133	TRUE	TRUE	Lasioglossum
LOC551168	TRUE	TRUE	Lasioglossum
LOC551212	TRUE	TRUE	Lasioglossum
LOC551225	FALSE	FALSE	Lasioglossum
LOC551227	TRUE	TRUE	Lasioglossum
LOC551331	FALSE	FALSE	Lasioglossum
LOC551375	FALSE	TRUE	Lasioglossum
LOC551425	FALSE	FALSE	Lasioglossum
LOC551432	FALSE	FALSE	Lasioglossum
LOC551433	TRUE	TRUE	Lasioglossum
LOC551462	FALSE	FALSE	Lasioglossum
LOC551477	FALSE	FALSE	Lasioglossum
LOC551506	TRUE	TRUE	Lasioglossum
LOC551549	FALSE	FALSE	Lasioglossum
LOC551566	TRUE	TRUE	Lasioglossum
LOC551576	TRUE	TRUE	Lasioglossum
LOC551587	FALSE	TRUE	Lasioglossum
LOC551604	FALSE	FALSE	Lasioglossum
LOC551659	FALSE	FALSE	Lasioglossum
LOC551677	TRUE	TRUE	Lasioglossum
LOC551730	TRUE	TRUE	Lasioglossum
LOC551772	TRUE	TRUE	Lasioglossum
LOC551774	FALSE	FALSE	Lasioglossum
LOC551780	FALSE	FALSE	Lasioglossum
LOC551782	FALSE	FALSE	Lasioglossum
LOC551840	FALSE	FALSE	Lasioglossum
LOC551847	FALSE	FALSE	Lasioglossum
LOC551871	TRUE	TRUE	Lasioglossum
LOC551895	TRUE	TRUE	Lasioglossum
LOC551919	FALSE	FALSE	Lasioglossum
LOC551984	TRUE	TRUE	Lasioglossum
LOC552017	TRUE	FALSE	Lasioglossum
LOC552074	TRUE	TRUE	Lasioglossum
LOC552128	FALSE	FALSE	Lasioglossum
LOC552153	TRUE	TRUE	Lasioglossum
LOC552259	FALSE	FALSE	Lasioglossum
LOC552289	FALSE	FALSE	Lasioglossum
LOC552358	TRUE	TRUE	Lasioglossum
LOC552373	TRUE	TRUE	Lasioglossum
LOC552428	FALSE	FALSE	Lasioglossum
LOC552440	FALSE	FALSE	Lasioglossum
LOC552449	FALSE	FALSE	Lasioglossum
LOC552468	FALSE	FALSE	Lasioglossum
LOC552496	TRUE	TRUE	Lasioglossum
LOC552502	TRUE	TRUE	Lasioglossum
LOC552578	TRUE	TRUE	Lasioglossum
LOC552624	TRUE	TRUE	Lasioglossum
LOC552625	TRUE	TRUE	Lasioglossum
LOC552663	TRUE	TRUE	Lasioglossum
LOC552674	FALSE	FALSE	Lasioglossum
LOC552724	TRUE	TRUE	Lasioglossum
LOC552746	TRUE	TRUE	Lasioglossum
LOC552814	FALSE	TRUE	Lasioglossum
LOC552851	TRUE	TRUE	Lasioglossum
LOC724215	TRUE	TRUE	Lasioglossum
LOC724220	TRUE	TRUE	Lasioglossum
LOC724244	TRUE	TRUE	Lasioglossum
LOC724285	FALSE	FALSE	Lasioglossum
LOC724290	FALSE	FALSE	Lasioglossum
LOC724292	TRUE	TRUE	Lasioglossum
LOC724315	FALSE	FALSE	Lasioglossum
LOC724322	FALSE	FALSE	Lasioglossum
LOC724328	TRUE	TRUE	Lasioglossum
LOC724356	FALSE	FALSE	Lasioglossum
LOC724358	TRUE	TRUE	Lasioglossum
LOC724442	FALSE	FALSE	Lasioglossum
LOC724450	TRUE	TRUE	Lasioglossum
LOC724468	FALSE	TRUE	Lasioglossum
LOC724487	TRUE	TRUE	Lasioglossum
LOC724517	TRUE	TRUE	Lasioglossum
LOC724552	TRUE	TRUE	Lasioglossum
LOC724592	TRUE	TRUE	Lasioglossum
LOC724593	TRUE	TRUE	Lasioglossum
LOC724603	FALSE	TRUE	Lasioglossum
LOC724608	FALSE	FALSE	Lasioglossum
LOC724656	TRUE	TRUE	Lasioglossum
LOC724660	FALSE	TRUE	Lasioglossum
LOC724672	FALSE	FALSE	Lasioglossum
LOC724700	FALSE	FALSE	Lasioglossum
LOC724787	FALSE	FALSE	Lasioglossum
LOC724823	FALSE	FALSE	Lasioglossum
LOC724843	FALSE	FALSE	Lasioglossum
LOC724859	TRUE	TRUE	Lasioglossum
LOC724863	TRUE	TRUE	Lasioglossum
LOC724912	TRUE	TRUE	Lasioglossum
LOC724917	FALSE	FALSE	Lasioglossum
LOC724933	TRUE	TRUE	Lasioglossum
LOC725003	TRUE	TRUE	Lasioglossum
LOC725026	TRUE	TRUE	Lasioglossum
LOC725036	TRUE	TRUE	Lasioglossum
LOC725044	TRUE	TRUE	Lasioglossum
LOC725101	FALSE	FALSE	Lasioglossum
LOC725192	TRUE	TRUE	Lasioglossum
LOC725220	FALSE	FALSE	Lasioglossum
LOC725327	TRUE	TRUE	Lasioglossum
LOC725328	TRUE	TRUE	Lasioglossum
LOC725336	TRUE	TRUE	Lasioglossum
LOC725354	FALSE	FALSE	Lasioglossum
LOC725408	TRUE	TRUE	Lasioglossum
LOC725427	FALSE	FALSE	Lasioglossum
LOC725453	FALSE	FALSE	Lasioglossum
LOC725495	FALSE	FALSE	Lasioglossum
LOC725546	FALSE	FALSE	Lasioglossum
LOC725596	FALSE	FALSE	Lasioglossum
LOC725606	FALSE	FALSE	Lasioglossum
LOC725611	TRUE	TRUE	Lasioglossum
LOC725623	FALSE	FALSE	Lasioglossum
LOC725662	TRUE	TRUE	Lasioglossum
LOC725682	TRUE	TRUE	Lasioglossum
LOC725710	TRUE	TRUE	Lasioglossum
LOC725837	FALSE	TRUE	Lasioglossum
LOC725860	TRUE	TRUE	Lasioglossum
LOC725864	TRUE	TRUE	Lasioglossum
LOC725908	TRUE	TRUE	Lasioglossum
LOC725960	TRUE	TRUE	Lasioglossum
LOC725992	TRUE	TRUE	Lasioglossum
LOC726045	FALSE	FALSE	Lasioglossum
LOC726068	TRUE	TRUE	Lasioglossum
LOC726093	TRUE	TRUE	Lasioglossum
LOC726107	FALSE	FALSE	Lasioglossum
LOC726129	FALSE	FALSE	Lasioglossum
LOC726164	FALSE	FALSE	Lasioglossum
LOC726167	FALSE	FALSE	Lasioglossum
LOC726180	FALSE	FALSE	Lasioglossum
LOC726215	TRUE	TRUE	Lasioglossum
LOC726315	TRUE	TRUE	Lasioglossum
LOC726339	TRUE	TRUE	Lasioglossum
LOC726348	TRUE	TRUE	Lasioglossum
LOC726354	FALSE	FALSE	Lasioglossum
LOC726380	FALSE	FALSE	Lasioglossum
LOC726418	TRUE	TRUE	Lasioglossum
LOC726529	TRUE	TRUE	Lasioglossum
LOC726579	TRUE	TRUE	Lasioglossum
LOC726643	FALSE	FALSE	Lasioglossum
LOC726657	FALSE	FALSE	Lasioglossum
LOC726673	FALSE	FALSE	Lasioglossum
LOC726735	FALSE	FALSE	Lasioglossum
LOC726895	FALSE	FALSE	Lasioglossum
LOC726914	FALSE	FALSE	Lasioglossum
LOC726947	TRUE	TRUE	Lasioglossum
LOC726989	TRUE	TRUE	Lasioglossum
LOC727022	FALSE	FALSE	Lasioglossum
LOC727027	FALSE	FALSE	Lasioglossum
LOC727108	TRUE	TRUE	Lasioglossum
LOC727150	FALSE	FALSE	Lasioglossum
LOC727180	FALSE	FALSE	Lasioglossum
LOC727415	TRUE	TRUE	Lasioglossum
LOC727447	FALSE	FALSE	Lasioglossum
LOC727596	FALSE	FALSE	Lasioglossum
nAChRa7	TRUE	TRUE	Lasioglossum
Per	FALSE	FALSE	Lasioglossum
Reck	TRUE	TRUE	Lasioglossum
Syt20	TRUE	TRUE	Lasioglossum
Tg	TRUE	TRUE	Lasioglossum
Tspan6	FALSE	FALSE	Lasioglossum
Vg	TRUE	TRUE	Lasioglossum
Antp	FALSE	FALSE	Megachile
apd-3	FALSE	TRUE	Megachile
LOC100576198	TRUE	TRUE	Megachile
LOC100576610	TRUE	TRUE	Megachile
LOC100576666	TRUE	TRUE	Megachile
LOC100576703	TRUE	TRUE	Megachile
LOC100576799	FALSE	FALSE	Megachile
LOC100577739	FALSE	FALSE	Megachile
LOC100577905	TRUE	TRUE	Megachile
LOC100578146	TRUE	TRUE	Megachile
LOC100578237	TRUE	TRUE	Megachile
LOC100578442	FALSE	FALSE	Megachile
LOC100578546	FALSE	FALSE	Megachile
LOC102654955	FALSE	TRUE	Megachile
LOC102656501	FALSE	FALSE	Megachile
LOC102656733	FALSE	FALSE	Megachile
LOC113218580	FALSE	FALSE	Megachile
LOC408316	TRUE	TRUE	Megachile
LOC408552	TRUE	TRUE	Megachile
LOC408752	FALSE	FALSE	Megachile
LOC408884	TRUE	TRUE	Megachile
LOC409613	FALSE	FALSE	Megachile
LOC410106	TRUE	TRUE	Megachile
LOC410134	FALSE	FALSE	Megachile
LOC410489	TRUE	TRUE	Megachile
LOC411053	TRUE	TRUE	Megachile
LOC412093	TRUE	TRUE	Megachile
LOC412114	FALSE	FALSE	Megachile
LOC412305	TRUE	TRUE	Megachile
LOC412398	FALSE	FALSE	Megachile
LOC412505	FALSE	TRUE	Megachile
LOC412795	FALSE	FALSE	Megachile
LOC413766	TRUE	TRUE	Megachile
LOC551177	FALSE	FALSE	Megachile
LOC551449	TRUE	TRUE	Megachile
LOC551510	FALSE	FALSE	Megachile
LOC551668	FALSE	FALSE	Megachile
LOC551982	FALSE	FALSE	Megachile
LOC552238	FALSE	FALSE	Megachile
LOC552370	FALSE	FALSE	Megachile
LOC552414	TRUE	TRUE	Megachile
LOC552498	TRUE	TRUE	Megachile
LOC552510	TRUE	TRUE	Megachile
LOC552674	FALSE	FALSE	Megachile
LOC724247	FALSE	FALSE	Megachile
LOC724290	FALSE	FALSE	Megachile
LOC725204	TRUE	TRUE	Megachile
LOC725429	FALSE	FALSE	Megachile
LOC725659	FALSE	FALSE	Megachile
LOC725732	TRUE	TRUE	Megachile
LOC725960	TRUE	TRUE	Megachile
LOC726020	FALSE	FALSE	Megachile
LOC726167	FALSE	FALSE	Megachile
LOC726460	TRUE	TRUE	Megachile
LOC726583	TRUE	TRUE	Megachile
LOC726928	FALSE	FALSE	Megachile
LOC726957	FALSE	FALSE	Megachile
LOC727486	TRUE	TRUE	Megachile
LOC727634	FALSE	FALSE	Megachile
5-HT1	TRUE	TRUE	Melipona
5-ht7	TRUE	TRUE	Melipona
Amel_8916	TRUE	TRUE	Melipona
Antp	FALSE	FALSE	Melipona
apd-3	FALSE	TRUE	Melipona
BBIP1	TRUE	TRUE	Melipona
Blop	TRUE	TRUE	Melipona
Cac	TRUE	TRUE	Melipona
Calpb	TRUE	TRUE	Melipona
Cdk5	TRUE	TRUE	Melipona
Cpap3-c	TRUE	TRUE	Melipona
CPR19	TRUE	TRUE	Melipona
Dcr-1	TRUE	TRUE	Melipona
Dop1	TRUE	TRUE	Melipona
DopR2	TRUE	TRUE	Melipona
E74	FALSE	FALSE	Melipona
Eif4g	TRUE	TRUE	Melipona
Ets97D-like	TRUE	TRUE	Melipona
Foxp	TRUE	TRUE	Melipona
Gat-1B	TRUE	TRUE	Melipona
Glob1	TRUE	TRUE	Melipona
KAT2A	TRUE	TRUE	Melipona
LCCH3	TRUE	TRUE	Melipona
LOC100576162	TRUE	TRUE	Melipona
LOC100576321	TRUE	TRUE	Melipona
LOC100576346	TRUE	TRUE	Melipona
LOC100576359	FALSE	FALSE	Melipona
LOC100576361	TRUE	TRUE	Melipona
LOC100576374	TRUE	TRUE	Melipona
LOC100576384	TRUE	TRUE	Melipona
LOC100576472	TRUE	TRUE	Melipona
LOC100576497	TRUE	TRUE	Melipona
LOC100576543	FALSE	FALSE	Melipona
LOC100576608	TRUE	TRUE	Melipona
LOC100576615	FALSE	FALSE	Melipona
LOC100576666	TRUE	TRUE	Melipona
LOC100576671	TRUE	TRUE	Melipona
LOC100576703	TRUE	TRUE	Melipona
LOC100576805	TRUE	TRUE	Melipona
LOC100576866	TRUE	TRUE	Melipona
LOC100576912	TRUE	TRUE	Melipona
LOC100576953	FALSE	FALSE	Melipona
LOC100576965	TRUE	TRUE	Melipona
LOC100576974	TRUE	TRUE	Melipona
LOC100577030	TRUE	TRUE	Melipona
LOC100577069	TRUE	TRUE	Melipona
LOC100577092	TRUE	TRUE	Melipona
LOC100577098	TRUE	TRUE	Melipona
LOC100577120	TRUE	TRUE	Melipona
LOC100577136	FALSE	FALSE	Melipona
LOC100577140	FALSE	FALSE	Melipona
LOC100577149	TRUE	TRUE	Melipona
LOC100577268	TRUE	TRUE	Melipona
LOC100577296	TRUE	TRUE	Melipona
LOC100577376	TRUE	TRUE	Melipona
LOC100577386	TRUE	TRUE	Melipona
LOC100577527	TRUE	TRUE	Melipona
LOC100577561	TRUE	TRUE	Melipona
LOC100577600	TRUE	TRUE	Melipona
LOC100577606	TRUE	TRUE	Melipona
LOC100577638	TRUE	TRUE	Melipona
LOC100577656	TRUE	TRUE	Melipona
LOC100577697	TRUE	TRUE	Melipona
LOC100577856	TRUE	TRUE	Melipona
LOC100577901	TRUE	TRUE	Melipona
LOC100577905	TRUE	TRUE	Melipona
LOC100577936	TRUE	TRUE	Melipona
LOC100577943	TRUE	TRUE	Melipona
LOC100577955	FALSE	FALSE	Melipona
LOC100577980	TRUE	TRUE	Melipona
LOC100577995	TRUE	TRUE	Melipona
LOC100578011	TRUE	TRUE	Melipona
LOC100578105	TRUE	TRUE	Melipona
LOC100578126	FALSE	TRUE	Melipona
LOC100578144	TRUE	TRUE	Melipona
LOC100578201	TRUE	TRUE	Melipona
LOC100578226	TRUE	TRUE	Melipona
LOC100578321	TRUE	TRUE	Melipona
LOC100578332	TRUE	TRUE	Melipona
LOC100578349	TRUE	TRUE	Melipona
LOC100578439	FALSE	FALSE	Melipona
LOC100578515	TRUE	TRUE	Melipona
LOC100578580	TRUE	TRUE	Melipona
LOC100578600	TRUE	TRUE	Melipona
LOC100578602	TRUE	TRUE	Melipona
LOC100578721	TRUE	TRUE	Melipona
LOC100578725	TRUE	TRUE	Melipona
LOC100578801	TRUE	FALSE	Melipona
LOC100578860	TRUE	TRUE	Melipona
LOC100578893	TRUE	TRUE	Melipona
LOC100578920	TRUE	TRUE	Melipona
LOC100578939	TRUE	TRUE	Melipona
LOC100578984	TRUE	TRUE	Melipona
LOC100579026	TRUE	TRUE	Melipona
LOC102653940	TRUE	TRUE	Melipona
LOC102654029	FALSE	FALSE	Melipona
LOC102654047	FALSE	FALSE	Melipona
LOC102655259	FALSE	FALSE	Melipona
LOC102655778	TRUE	TRUE	Melipona
LOC102655824	TRUE	TRUE	Melipona
LOC102655922	FALSE	FALSE	Melipona
LOC102656444	TRUE	TRUE	Melipona
LOC102656473	TRUE	TRUE	Melipona
LOC102656490	TRUE	TRUE	Melipona
LOC102656594	FALSE	FALSE	Melipona
LOC102656656	TRUE	TRUE	Melipona
LOC107963960	TRUE	TRUE	Melipona
LOC107963983	TRUE	TRUE	Melipona
LOC107964839	TRUE	TRUE	Melipona
LOC107964884	FALSE	FALSE	Melipona
LOC113218521	TRUE	TRUE	Melipona
LOC113218569	TRUE	TRUE	Melipona
LOC113218647	TRUE	TRUE	Melipona
LOC113218781	TRUE	TRUE	Melipona
LOC113218809	FALSE	FALSE	Melipona
LOC113218959	TRUE	TRUE	Melipona
LOC408298	TRUE	TRUE	Melipona
LOC408302	TRUE	TRUE	Melipona
LOC408304	TRUE	TRUE	Melipona
LOC408312	TRUE	TRUE	Melipona
LOC408315	TRUE	TRUE	Melipona
LOC408317	TRUE	TRUE	Melipona
LOC408320	FALSE	FALSE	Melipona
LOC408335	TRUE	TRUE	Melipona
LOC408337	TRUE	TRUE	Melipona
LOC408343	TRUE	TRUE	Melipona
LOC408354	TRUE	TRUE	Melipona
LOC408372	TRUE	TRUE	Melipona
LOC408373	TRUE	TRUE	Melipona
LOC408382	TRUE	TRUE	Melipona
LOC408443	TRUE	TRUE	Melipona
LOC408457	TRUE	TRUE	Melipona
LOC408511	TRUE	TRUE	Melipona
LOC408520	TRUE	TRUE	Melipona
LOC408528	TRUE	TRUE	Melipona
LOC408543	TRUE	TRUE	Melipona
LOC408546	TRUE	TRUE	Melipona
LOC408551	TRUE	TRUE	Melipona
LOC408552	TRUE	TRUE	Melipona
LOC408557	TRUE	TRUE	Melipona
LOC408559	TRUE	TRUE	Melipona
LOC408561	TRUE	TRUE	Melipona
LOC408568	TRUE	TRUE	Melipona
LOC408569	TRUE	TRUE	Melipona
LOC408579	TRUE	TRUE	Melipona
LOC408587	TRUE	TRUE	Melipona
LOC408589	TRUE	TRUE	Melipona
LOC408614	TRUE	TRUE	Melipona
LOC408625	TRUE	TRUE	Melipona
LOC408632	TRUE	TRUE	Melipona
LOC408660	TRUE	TRUE	Melipona
LOC408661	TRUE	TRUE	Melipona
LOC408674	TRUE	TRUE	Melipona
LOC408687	TRUE	TRUE	Melipona
LOC408697	TRUE	TRUE	Melipona
LOC408714	TRUE	TRUE	Melipona
LOC408819	TRUE	TRUE	Melipona
LOC408824	TRUE	TRUE	Melipona
LOC408826	TRUE	TRUE	Melipona
LOC408827	TRUE	TRUE	Melipona
LOC408835	TRUE	TRUE	Melipona
LOC408836	TRUE	TRUE	Melipona
LOC408842	TRUE	TRUE	Melipona
LOC408860	TRUE	TRUE	Melipona
LOC408863	TRUE	TRUE	Melipona
LOC408866	TRUE	TRUE	Melipona
LOC408869	FALSE	TRUE	Melipona
LOC408874	TRUE	TRUE	Melipona
LOC408887	TRUE	TRUE	Melipona
LOC408901	TRUE	TRUE	Melipona
LOC408915	TRUE	TRUE	Melipona
LOC408923	TRUE	TRUE	Melipona
LOC408935	FALSE	FALSE	Melipona
LOC408942	FALSE	FALSE	Melipona
LOC408958	TRUE	TRUE	Melipona
LOC408959	TRUE	TRUE	Melipona
LOC409001	TRUE	FALSE	Melipona
LOC409007	TRUE	TRUE	Melipona
LOC409025	TRUE	TRUE	Melipona
LOC409034	TRUE	TRUE	Melipona
LOC409041	TRUE	TRUE	Melipona
LOC409070	TRUE	TRUE	Melipona
LOC409078	TRUE	TRUE	Melipona
LOC409091	TRUE	TRUE	Melipona
LOC409106	TRUE	TRUE	Melipona
LOC409108	TRUE	TRUE	Melipona
LOC409109	TRUE	TRUE	Melipona
LOC409122	TRUE	TRUE	Melipona
LOC409153	TRUE	TRUE	Melipona
LOC409157	TRUE	TRUE	Melipona
LOC409159	TRUE	TRUE	Melipona
LOC409164	TRUE	TRUE	Melipona
LOC409170	TRUE	TRUE	Melipona
LOC409179	TRUE	TRUE	Melipona
LOC409180	TRUE	TRUE	Melipona
LOC409186	FALSE	TRUE	Melipona
LOC409201	TRUE	FALSE	Melipona
LOC409225	FALSE	TRUE	Melipona
LOC409247	FALSE	FALSE	Melipona
LOC409273	TRUE	TRUE	Melipona
LOC409279	FALSE	TRUE	Melipona
LOC409283	TRUE	TRUE	Melipona
LOC409286	TRUE	FALSE	Melipona
LOC409293	TRUE	TRUE	Melipona
LOC409299	TRUE	TRUE	Melipona
LOC409307	TRUE	TRUE	Melipona
LOC409336	TRUE	TRUE	Melipona
LOC409357	TRUE	FALSE	Melipona
LOC409358	TRUE	TRUE	Melipona
LOC409377	TRUE	TRUE	Melipona
LOC409379	TRUE	TRUE	Melipona
LOC409390	TRUE	TRUE	Melipona
LOC409441	FALSE	TRUE	Melipona
LOC409452	TRUE	TRUE	Melipona
LOC409462	TRUE	TRUE	Melipona
LOC409467	FALSE	FALSE	Melipona
LOC409486	TRUE	TRUE	Melipona
LOC409488	TRUE	TRUE	Melipona
LOC409493	TRUE	TRUE	Melipona
LOC409500	TRUE	TRUE	Melipona
LOC409502	TRUE	TRUE	Melipona
LOC409513	FALSE	FALSE	Melipona
LOC409525	TRUE	TRUE	Melipona
LOC409529	TRUE	TRUE	Melipona
LOC409565	TRUE	TRUE	Melipona
LOC409607	FALSE	TRUE	Melipona
LOC409609	TRUE	TRUE	Melipona
LOC409628	TRUE	TRUE	Melipona
LOC409638	TRUE	TRUE	Melipona
LOC409645	TRUE	TRUE	Melipona
LOC409664	TRUE	TRUE	Melipona
LOC409706	FALSE	FALSE	Melipona
LOC409713	FALSE	FALSE	Melipona
LOC409714	TRUE	TRUE	Melipona
LOC409733	TRUE	TRUE	Melipona
LOC409752	TRUE	TRUE	Melipona
LOC409769	TRUE	TRUE	Melipona
LOC409787	TRUE	TRUE	Melipona
LOC409791	FALSE	FALSE	Melipona
LOC409795	TRUE	TRUE	Melipona
LOC409799	TRUE	TRUE	Melipona
LOC409804	TRUE	TRUE	Melipona
LOC409829	TRUE	TRUE	Melipona
LOC409835	TRUE	TRUE	Melipona
LOC409845	FALSE	FALSE	Melipona
LOC409861	TRUE	TRUE	Melipona
LOC409863	TRUE	TRUE	Melipona
LOC409894	FALSE	FALSE	Melipona
LOC409919	TRUE	TRUE	Melipona
LOC409920	TRUE	TRUE	Melipona
LOC409921	TRUE	TRUE	Melipona
LOC409924	TRUE	TRUE	Melipona
LOC409931	TRUE	TRUE	Melipona
LOC409933	TRUE	TRUE	Melipona
LOC409955	TRUE	TRUE	Melipona
LOC409976	TRUE	TRUE	Melipona
LOC409985	TRUE	TRUE	Melipona
LOC409990	TRUE	TRUE	Melipona
LOC410013	TRUE	TRUE	Melipona
LOC410056	FALSE	FALSE	Melipona
LOC410057	TRUE	TRUE	Melipona
LOC410058	FALSE	FALSE	Melipona
LOC410101	FALSE	FALSE	Melipona
LOC410119	TRUE	TRUE	Melipona
LOC410120	TRUE	TRUE	Melipona
LOC410144	TRUE	TRUE	Melipona
LOC410162	TRUE	TRUE	Melipona
LOC410229	TRUE	TRUE	Melipona
LOC410235	TRUE	TRUE	Melipona
LOC410286	TRUE	TRUE	Melipona
LOC410301	TRUE	TRUE	Melipona
LOC410315	TRUE	TRUE	Melipona
LOC410332	FALSE	FALSE	Melipona
LOC410336	TRUE	TRUE	Melipona
LOC410337	TRUE	TRUE	Melipona
LOC410340	TRUE	TRUE	Melipona
LOC410344	TRUE	TRUE	Melipona
LOC410347	TRUE	TRUE	Melipona
LOC410353	TRUE	TRUE	Melipona
LOC410354	TRUE	TRUE	Melipona
LOC410371	TRUE	TRUE	Melipona
LOC410429	TRUE	TRUE	Melipona
LOC410432	TRUE	TRUE	Melipona
LOC410442	TRUE	TRUE	Melipona
LOC410449	FALSE	FALSE	Melipona
LOC410456	TRUE	TRUE	Melipona
LOC410467	TRUE	TRUE	Melipona
LOC410480	TRUE	FALSE	Melipona
LOC410497	TRUE	TRUE	Melipona
LOC410527	TRUE	TRUE	Melipona
LOC410549	TRUE	TRUE	Melipona
LOC410550	TRUE	TRUE	Melipona
LOC410600	TRUE	TRUE	Melipona
LOC410609	TRUE	TRUE	Melipona
LOC410643	TRUE	TRUE	Melipona
LOC410648	TRUE	TRUE	Melipona
LOC410649	TRUE	TRUE	Melipona
LOC410706	TRUE	TRUE	Melipona
LOC410717	TRUE	TRUE	Melipona
LOC410723	TRUE	TRUE	Melipona
LOC410730	TRUE	TRUE	Melipona
LOC410732	TRUE	TRUE	Melipona
LOC410777	TRUE	TRUE	Melipona
LOC410784	FALSE	FALSE	Melipona
LOC410812	TRUE	TRUE	Melipona
LOC410821	FALSE	TRUE	Melipona
LOC410838	TRUE	TRUE	Melipona
LOC410855	TRUE	TRUE	Melipona
LOC410860	TRUE	TRUE	Melipona
LOC410864	FALSE	FALSE	Melipona
LOC410872	TRUE	TRUE	Melipona
LOC410876	TRUE	TRUE	Melipona
LOC410894	TRUE	TRUE	Melipona
LOC410905	TRUE	TRUE	Melipona
LOC410920	TRUE	TRUE	Melipona
LOC410922	TRUE	TRUE	Melipona
LOC410952	TRUE	TRUE	Melipona
LOC410953	FALSE	FALSE	Melipona
LOC410986	TRUE	TRUE	Melipona
LOC410989	TRUE	TRUE	Melipona
LOC410997	TRUE	TRUE	Melipona
LOC411003	TRUE	TRUE	Melipona
LOC411009	TRUE	TRUE	Melipona
LOC411011	TRUE	TRUE	Melipona
LOC411044	TRUE	TRUE	Melipona
LOC411048	TRUE	TRUE	Melipona
LOC411053	TRUE	TRUE	Melipona
LOC411054	TRUE	TRUE	Melipona
LOC411076	TRUE	TRUE	Melipona
LOC411083	TRUE	TRUE	Melipona
LOC411104	TRUE	TRUE	Melipona
LOC411105	TRUE	TRUE	Melipona
LOC411121	TRUE	TRUE	Melipona
LOC411144	TRUE	TRUE	Melipona
LOC411145	TRUE	TRUE	Melipona
LOC411154	TRUE	TRUE	Melipona
LOC411176	TRUE	TRUE	Melipona
LOC411195	TRUE	TRUE	Melipona
LOC411206	TRUE	TRUE	Melipona
LOC411213	TRUE	TRUE	Melipona
LOC411214	TRUE	TRUE	Melipona
LOC411227	TRUE	TRUE	Melipona
LOC411245	TRUE	TRUE	Melipona
LOC411345	FALSE	TRUE	Melipona
LOC411347	TRUE	TRUE	Melipona
LOC411348	TRUE	TRUE	Melipona
LOC411371	TRUE	TRUE	Melipona
LOC411458	TRUE	TRUE	Melipona
LOC411459	TRUE	TRUE	Melipona
LOC411474	TRUE	TRUE	Melipona
LOC411476	TRUE	TRUE	Melipona
LOC411477	TRUE	TRUE	Melipona
LOC411494	TRUE	TRUE	Melipona
LOC411539	TRUE	TRUE	Melipona
LOC411546	TRUE	TRUE	Melipona
LOC411586	TRUE	TRUE	Melipona
LOC411618	TRUE	TRUE	Melipona
LOC411638	FALSE	FALSE	Melipona
LOC411639	TRUE	TRUE	Melipona
LOC411640	TRUE	TRUE	Melipona
LOC411665	TRUE	TRUE	Melipona
LOC411670	TRUE	TRUE	Melipona
LOC411685	TRUE	TRUE	Melipona
LOC411697	TRUE	TRUE	Melipona
LOC411746	TRUE	TRUE	Melipona
LOC411772	FALSE	FALSE	Melipona
LOC411781	TRUE	TRUE	Melipona
LOC411805	TRUE	TRUE	Melipona
LOC411808	TRUE	TRUE	Melipona
LOC411813	TRUE	TRUE	Melipona
LOC411858	TRUE	TRUE	Melipona
LOC411864	TRUE	TRUE	Melipona
LOC411881	TRUE	TRUE	Melipona
LOC411942	TRUE	TRUE	Melipona
LOC411947	TRUE	TRUE	Melipona
LOC411955	TRUE	TRUE	Melipona
LOC411970	FALSE	FALSE	Melipona
LOC411998	FALSE	FALSE	Melipona
LOC412007	TRUE	TRUE	Melipona
LOC412020	TRUE	TRUE	Melipona
LOC412025	FALSE	FALSE	Melipona
LOC412053	TRUE	TRUE	Melipona
LOC412069	TRUE	TRUE	Melipona
LOC412108	TRUE	TRUE	Melipona
LOC412125	TRUE	TRUE	Melipona
LOC412129	TRUE	TRUE	Melipona
LOC412150	TRUE	TRUE	Melipona
LOC412167	TRUE	TRUE	Melipona
LOC412249	TRUE	TRUE	Melipona
LOC412263	TRUE	TRUE	Melipona
LOC412287	TRUE	TRUE	Melipona
LOC412319	TRUE	TRUE	Melipona
LOC412348	TRUE	TRUE	Melipona
LOC412355	TRUE	TRUE	Melipona
LOC412401	TRUE	TRUE	Melipona
LOC412470	TRUE	TRUE	Melipona
LOC412487	TRUE	TRUE	Melipona
LOC412511	TRUE	TRUE	Melipona
LOC412552	TRUE	TRUE	Melipona
LOC412591	TRUE	TRUE	Melipona
LOC412642	TRUE	TRUE	Melipona
LOC412661	TRUE	TRUE	Melipona
LOC412694	TRUE	TRUE	Melipona
LOC412714	TRUE	TRUE	Melipona
LOC412799	TRUE	TRUE	Melipona
LOC412842	TRUE	TRUE	Melipona
LOC412850	TRUE	TRUE	Melipona
LOC412855	FALSE	TRUE	Melipona
LOC412858	FALSE	FALSE	Melipona
LOC412859	TRUE	TRUE	Melipona
LOC412897	TRUE	TRUE	Melipona
LOC412929	FALSE	FALSE	Melipona
LOC412956	TRUE	TRUE	Melipona
LOC412976	TRUE	TRUE	Melipona
LOC413001	TRUE	TRUE	Melipona
LOC413005	TRUE	TRUE	Melipona
LOC413046	TRUE	TRUE	Melipona
LOC413089	TRUE	TRUE	Melipona
LOC413110	FALSE	FALSE	Melipona
LOC413113	TRUE	TRUE	Melipona
LOC413119	TRUE	TRUE	Melipona
LOC413170	TRUE	TRUE	Melipona
LOC413183	TRUE	TRUE	Melipona
LOC413197	TRUE	TRUE	Melipona
LOC413208	TRUE	TRUE	Melipona
LOC413246	TRUE	TRUE	Melipona
LOC413266	FALSE	FALSE	Melipona
LOC413270	TRUE	TRUE	Melipona
LOC413314	TRUE	TRUE	Melipona
LOC413318	TRUE	TRUE	Melipona
LOC413357	TRUE	TRUE	Melipona
LOC413383	TRUE	TRUE	Melipona
LOC413410	TRUE	TRUE	Melipona
LOC413411	TRUE	TRUE	Melipona
LOC413427	TRUE	TRUE	Melipona
LOC413440	TRUE	TRUE	Melipona
LOC413441	TRUE	TRUE	Melipona
LOC413464	TRUE	FALSE	Melipona
LOC413490	TRUE	TRUE	Melipona
LOC413501	FALSE	TRUE	Melipona
LOC413510	TRUE	TRUE	Melipona
LOC413551	TRUE	TRUE	Melipona
LOC413575	FALSE	FALSE	Melipona
LOC413576	FALSE	FALSE	Melipona
LOC413577	TRUE	TRUE	Melipona
LOC413607	TRUE	TRUE	Melipona
LOC413653	TRUE	TRUE	Melipona
LOC413666	TRUE	TRUE	Melipona
LOC413668	TRUE	TRUE	Melipona
LOC413676	TRUE	TRUE	Melipona
LOC413711	TRUE	TRUE	Melipona
LOC413732	TRUE	TRUE	Melipona
LOC413735	TRUE	TRUE	Melipona
LOC413796	TRUE	TRUE	Melipona
LOC413827	TRUE	TRUE	Melipona
LOC413873	TRUE	TRUE	Melipona
LOC413919	TRUE	TRUE	Melipona
LOC413931	TRUE	TRUE	Melipona
LOC413936	FALSE	FALSE	Melipona
LOC413942	TRUE	TRUE	Melipona
LOC413977	FALSE	FALSE	Melipona
LOC413998	TRUE	TRUE	Melipona
LOC414004	TRUE	TRUE	Melipona
LOC414022	TRUE	TRUE	Melipona
LOC414032	TRUE	TRUE	Melipona
LOC414035	FALSE	FALSE	Melipona
LOC550663	TRUE	TRUE	Melipona
LOC550685	TRUE	TRUE	Melipona
LOC550695	TRUE	TRUE	Melipona
LOC550794	TRUE	TRUE	Melipona
LOC550801	TRUE	TRUE	Melipona
LOC550828	TRUE	TRUE	Melipona
LOC550865	TRUE	TRUE	Melipona
LOC550955	TRUE	TRUE	Melipona
LOC550992	TRUE	TRUE	Melipona
LOC551005	TRUE	TRUE	Melipona
LOC551012	TRUE	TRUE	Melipona
LOC551033	FALSE	FALSE	Melipona
LOC551036	TRUE	TRUE	Melipona
LOC551042	TRUE	TRUE	Melipona
LOC551046	TRUE	TRUE	Melipona
LOC551055	TRUE	TRUE	Melipona
LOC551080	TRUE	TRUE	Melipona
LOC551122	TRUE	TRUE	Melipona
LOC551123	TRUE	TRUE	Melipona
LOC551137	TRUE	TRUE	Melipona
LOC551150	FALSE	FALSE	Melipona
LOC551163	TRUE	TRUE	Melipona
LOC551165	TRUE	FALSE	Melipona
LOC551167	FALSE	TRUE	Melipona
LOC551168	TRUE	TRUE	Melipona
LOC551213	TRUE	TRUE	Melipona
LOC551227	TRUE	TRUE	Melipona
LOC551231	TRUE	TRUE	Melipona
LOC551269	FALSE	FALSE	Melipona
LOC551272	TRUE	TRUE	Melipona
LOC551283	TRUE	TRUE	Melipona
LOC551284	TRUE	TRUE	Melipona
LOC551337	TRUE	TRUE	Melipona
LOC551383	TRUE	TRUE	Melipona
LOC551396	TRUE	TRUE	Melipona
LOC551403	TRUE	TRUE	Melipona
LOC551414	TRUE	TRUE	Melipona
LOC551433	TRUE	TRUE	Melipona
LOC551461	TRUE	TRUE	Melipona
LOC551494	TRUE	TRUE	Melipona
LOC551500	TRUE	TRUE	Melipona
LOC551502	TRUE	TRUE	Melipona
LOC551510	FALSE	FALSE	Melipona
LOC551517	TRUE	TRUE	Melipona
LOC551545	FALSE	FALSE	Melipona
LOC551554	TRUE	TRUE	Melipona
LOC551580	TRUE	TRUE	Melipona
LOC551596	FALSE	FALSE	Melipona
LOC551603	TRUE	FALSE	Melipona
LOC551605	TRUE	TRUE	Melipona
LOC551608	TRUE	TRUE	Melipona
LOC551673	TRUE	FALSE	Melipona
LOC551680	TRUE	TRUE	Melipona
LOC551682	TRUE	TRUE	Melipona
LOC551683	FALSE	TRUE	Melipona
LOC551690	TRUE	TRUE	Melipona
LOC551694	TRUE	TRUE	Melipona
LOC551724	TRUE	TRUE	Melipona
LOC551754	TRUE	TRUE	Melipona
LOC551772	TRUE	TRUE	Melipona
LOC551775	TRUE	TRUE	Melipona
LOC551787	TRUE	TRUE	Melipona
LOC551856	TRUE	TRUE	Melipona
LOC551871	TRUE	TRUE	Melipona
LOC551892	TRUE	TRUE	Melipona
LOC551898	TRUE	TRUE	Melipona
LOC551920	TRUE	TRUE	Melipona
LOC551936	TRUE	TRUE	Melipona
LOC551957	TRUE	TRUE	Melipona
LOC551976	TRUE	TRUE	Melipona
LOC551997	TRUE	TRUE	Melipona
LOC552006	TRUE	TRUE	Melipona
LOC552008	TRUE	TRUE	Melipona
LOC552009	TRUE	TRUE	Melipona
LOC552020	FALSE	FALSE	Melipona
LOC552026	TRUE	FALSE	Melipona
LOC552058	TRUE	TRUE	Melipona
LOC552081	FALSE	TRUE	Melipona
LOC552103	TRUE	TRUE	Melipona
LOC552114	TRUE	TRUE	Melipona
LOC552117	TRUE	TRUE	Melipona
LOC552138	TRUE	TRUE	Melipona
LOC552139	TRUE	TRUE	Melipona
LOC552151	TRUE	TRUE	Melipona
LOC552153	TRUE	TRUE	Melipona
LOC552166	TRUE	TRUE	Melipona
LOC552178	TRUE	TRUE	Melipona
LOC552180	TRUE	TRUE	Melipona
LOC552194	TRUE	TRUE	Melipona
LOC552198	TRUE	FALSE	Melipona
LOC552205	TRUE	TRUE	Melipona
LOC552241	TRUE	TRUE	Melipona
LOC552278	TRUE	TRUE	Melipona
LOC552280	TRUE	TRUE	Melipona
LOC552282	TRUE	TRUE	Melipona
LOC552284	TRUE	TRUE	Melipona
LOC552297	TRUE	TRUE	Melipona
LOC552312	TRUE	TRUE	Melipona
LOC552315	TRUE	TRUE	Melipona
LOC552316	TRUE	TRUE	Melipona
LOC552318	TRUE	TRUE	Melipona
LOC552354	TRUE	TRUE	Melipona
LOC552374	TRUE	TRUE	Melipona
LOC552377	TRUE	TRUE	Melipona
LOC552414	TRUE	TRUE	Melipona
LOC552429	TRUE	TRUE	Melipona
LOC552455	TRUE	TRUE	Melipona
LOC552473	TRUE	TRUE	Melipona
LOC552479	TRUE	TRUE	Melipona
LOC552499	FALSE	TRUE	Melipona
LOC552502	TRUE	TRUE	Melipona
LOC552505	TRUE	TRUE	Melipona
LOC552539	TRUE	TRUE	Melipona
LOC552545	TRUE	TRUE	Melipona
LOC552556	TRUE	TRUE	Melipona
LOC552566	TRUE	TRUE	Melipona
LOC552636	TRUE	TRUE	Melipona
LOC552641	TRUE	TRUE	Melipona
LOC552644	TRUE	TRUE	Melipona
LOC552647	FALSE	FALSE	Melipona
LOC552651	TRUE	TRUE	Melipona
LOC552664	TRUE	TRUE	Melipona
LOC552708	TRUE	TRUE	Melipona
LOC552715	TRUE	TRUE	Melipona
LOC552721	TRUE	TRUE	Melipona
LOC552771	TRUE	TRUE	Melipona
LOC552780	TRUE	TRUE	Melipona
LOC552812	TRUE	TRUE	Melipona
LOC552841	TRUE	TRUE	Melipona
LOC552844	TRUE	TRUE	Melipona
LOC724128	TRUE	TRUE	Melipona
LOC724138	FALSE	FALSE	Melipona
LOC724178	TRUE	TRUE	Melipona
LOC724187	TRUE	TRUE	Melipona
LOC724196	TRUE	TRUE	Melipona
LOC724220	TRUE	TRUE	Melipona
LOC724225	TRUE	TRUE	Melipona
LOC724244	TRUE	TRUE	Melipona
LOC724288	TRUE	TRUE	Melipona
LOC724292	TRUE	TRUE	Melipona
LOC724295	TRUE	TRUE	Melipona
LOC724321	TRUE	TRUE	Melipona
LOC724335	TRUE	TRUE	Melipona
LOC724344	TRUE	TRUE	Melipona
LOC724355	TRUE	TRUE	Melipona
LOC724356	FALSE	FALSE	Melipona
LOC724412	TRUE	TRUE	Melipona
LOC724423	TRUE	TRUE	Melipona
LOC724429	TRUE	TRUE	Melipona
LOC724442	FALSE	FALSE	Melipona
LOC724450	TRUE	TRUE	Melipona
LOC724487	TRUE	TRUE	Melipona
LOC724502	FALSE	FALSE	Melipona
LOC724507	TRUE	TRUE	Melipona
LOC724517	TRUE	TRUE	Melipona
LOC724537	TRUE	TRUE	Melipona
LOC724563	TRUE	TRUE	Melipona
LOC724568	TRUE	TRUE	Melipona
LOC724569	TRUE	TRUE	Melipona
LOC724592	TRUE	TRUE	Melipona
LOC724596	TRUE	TRUE	Melipona
LOC724599	TRUE	TRUE	Melipona
LOC724618	TRUE	TRUE	Melipona
LOC724640	TRUE	TRUE	Melipona
LOC724676	TRUE	TRUE	Melipona
LOC724681	TRUE	TRUE	Melipona
LOC724704	TRUE	TRUE	Melipona
LOC724708	TRUE	TRUE	Melipona
LOC724734	TRUE	TRUE	Melipona
LOC724750	TRUE	TRUE	Melipona
LOC724763	TRUE	TRUE	Melipona
LOC724769	TRUE	TRUE	Melipona
LOC724778	TRUE	TRUE	Melipona
LOC724787	FALSE	FALSE	Melipona
LOC724789	TRUE	TRUE	Melipona
LOC724796	TRUE	TRUE	Melipona
LOC724823	FALSE	FALSE	Melipona
LOC724835	TRUE	TRUE	Melipona
LOC724852	TRUE	TRUE	Melipona
LOC724853	TRUE	TRUE	Melipona
LOC724867	TRUE	TRUE	Melipona
LOC724875	TRUE	TRUE	Melipona
LOC724885	TRUE	TRUE	Melipona
LOC724892	TRUE	TRUE	Melipona
LOC724942	TRUE	TRUE	Melipona
LOC724973	TRUE	TRUE	Melipona
LOC724983	TRUE	TRUE	Melipona
LOC725036	TRUE	TRUE	Melipona
LOC725038	TRUE	TRUE	Melipona
LOC725044	TRUE	TRUE	Melipona
LOC725046	TRUE	TRUE	Melipona
LOC725091	TRUE	TRUE	Melipona
LOC725118	TRUE	TRUE	Melipona
LOC725130	TRUE	TRUE	Melipona
LOC725134	TRUE	TRUE	Melipona
LOC725150	TRUE	TRUE	Melipona
LOC725196	TRUE	TRUE	Melipona
LOC725204	TRUE	TRUE	Melipona
LOC725255	TRUE	TRUE	Melipona
LOC725260	TRUE	TRUE	Melipona
LOC725274	TRUE	TRUE	Melipona
LOC725294	TRUE	FALSE	Melipona
LOC725325	TRUE	TRUE	Melipona
LOC725327	TRUE	TRUE	Melipona
LOC725408	TRUE	TRUE	Melipona
LOC725435	TRUE	TRUE	Melipona
LOC725467	TRUE	TRUE	Melipona
LOC725505	TRUE	TRUE	Melipona
LOC725556	TRUE	TRUE	Melipona
LOC725566	TRUE	TRUE	Melipona
LOC725571	TRUE	TRUE	Melipona
LOC725613	TRUE	TRUE	Melipona
LOC725641	TRUE	TRUE	Melipona
LOC725654	TRUE	TRUE	Melipona
LOC725698	TRUE	TRUE	Melipona
LOC725701	TRUE	TRUE	Melipona
LOC725749	TRUE	TRUE	Melipona
LOC725756	TRUE	TRUE	Melipona
LOC725758	TRUE	TRUE	Melipona
LOC725789	TRUE	TRUE	Melipona
LOC725813	TRUE	TRUE	Melipona
LOC725828	FALSE	FALSE	Melipona
LOC725860	TRUE	TRUE	Melipona
LOC725885	TRUE	TRUE	Melipona
LOC725983	TRUE	TRUE	Melipona
LOC725987	TRUE	TRUE	Melipona
LOC726017	TRUE	TRUE	Melipona
LOC726029	TRUE	TRUE	Melipona
LOC726060	TRUE	TRUE	Melipona
LOC726065	TRUE	TRUE	Melipona
LOC726068	TRUE	TRUE	Melipona
LOC726072	TRUE	TRUE	Melipona
LOC726092	TRUE	TRUE	Melipona
LOC726099	TRUE	TRUE	Melipona
LOC726130	TRUE	TRUE	Melipona
LOC726148	TRUE	TRUE	Melipona
LOC726153	TRUE	TRUE	Melipona
LOC726167	FALSE	FALSE	Melipona
LOC726187	TRUE	FALSE	Melipona
LOC726190	TRUE	TRUE	Melipona
LOC726199	TRUE	TRUE	Melipona
LOC726235	TRUE	TRUE	Melipona
LOC726237	TRUE	TRUE	Melipona
LOC726243	TRUE	TRUE	Melipona
LOC726264	TRUE	TRUE	Melipona
LOC726284	TRUE	TRUE	Melipona
LOC726298	TRUE	TRUE	Melipona
LOC726312	TRUE	TRUE	Melipona
LOC726341	TRUE	TRUE	Melipona
LOC726350	TRUE	TRUE	Melipona
LOC726367	TRUE	TRUE	Melipona
LOC726368	FALSE	TRUE	Melipona
LOC726385	FALSE	FALSE	Melipona
LOC726394	TRUE	TRUE	Melipona
LOC726407	TRUE	TRUE	Melipona
LOC726412	TRUE	TRUE	Melipona
LOC726417	TRUE	TRUE	Melipona
LOC726432	TRUE	TRUE	Melipona
LOC726476	TRUE	TRUE	Melipona
LOC726478	TRUE	TRUE	Melipona
LOC726483	FALSE	FALSE	Melipona
LOC726496	TRUE	TRUE	Melipona
LOC726529	TRUE	TRUE	Melipona
LOC726569	TRUE	TRUE	Melipona
LOC726579	TRUE	TRUE	Melipona
LOC726583	TRUE	TRUE	Melipona
LOC726598	TRUE	TRUE	Melipona
LOC726600	TRUE	TRUE	Melipona
LOC726601	TRUE	TRUE	Melipona
LOC726647	TRUE	TRUE	Melipona
LOC726650	TRUE	TRUE	Melipona
LOC726667	TRUE	FALSE	Melipona
LOC726668	TRUE	TRUE	Melipona
LOC726695	TRUE	TRUE	Melipona
LOC726699	TRUE	TRUE	Melipona
LOC726733	TRUE	TRUE	Melipona
LOC726756	TRUE	TRUE	Melipona
LOC726790	TRUE	TRUE	Melipona
LOC726806	TRUE	TRUE	Melipona
LOC726816	TRUE	TRUE	Melipona
LOC726824	TRUE	TRUE	Melipona
LOC726826	TRUE	TRUE	Melipona
LOC726853	TRUE	TRUE	Melipona
LOC726883	TRUE	TRUE	Melipona
LOC726925	TRUE	TRUE	Melipona
LOC726947	TRUE	TRUE	Melipona
LOC726962	TRUE	TRUE	Melipona
LOC726990	TRUE	TRUE	Melipona
LOC727035	TRUE	TRUE	Melipona
LOC727078	TRUE	TRUE	Melipona
LOC727210	TRUE	TRUE	Melipona
LOC727335	TRUE	TRUE	Melipona
LOC727392	TRUE	TRUE	Melipona
LOC727578	TRUE	TRUE	Melipona
LOC727652	TRUE	TRUE	Melipona
mGlutR1	TRUE	TRUE	Melipona
Msx	TRUE	TRUE	Melipona
nAChRa7	TRUE	TRUE	Melipona
Nedd9	TRUE	TRUE	Melipona
otd2	TRUE	TRUE	Melipona
Reck	TRUE	TRUE	Melipona
Ripk5	TRUE	TRUE	Melipona
Sergef	TRUE	TRUE	Melipona
sGC-alpha1	TRUE	TRUE	Melipona
SIFR	FALSE	FALSE	Melipona
Syt20	TRUE	TRUE	Melipona
Usp	TRUE	TRUE	Melipona
uzip	TRUE	TRUE	Melipona
5-ht7	TRUE	TRUE	Dufourea
Dl	TRUE	TRUE	Dufourea
Fstl5	TRUE	TRUE	Dufourea
LOC100576346	TRUE	TRUE	Dufourea
LOC100576402	TRUE	TRUE	Dufourea
LOC100576640	TRUE	TRUE	Dufourea
LOC100577198	TRUE	TRUE	Dufourea
LOC100577430	TRUE	TRUE	Dufourea
LOC100577575	TRUE	TRUE	Dufourea
LOC100578660	FALSE	FALSE	Dufourea
LOC102654206	FALSE	FALSE	Dufourea
LOC102655994	FALSE	FALSE	Dufourea
LOC102656258	TRUE	TRUE	Dufourea
LOC102656796	TRUE	TRUE	Dufourea
LOC406124	TRUE	FALSE	Dufourea
LOC408335	TRUE	TRUE	Dufourea
LOC408551	TRUE	TRUE	Dufourea
LOC408552	TRUE	TRUE	Dufourea
LOC408626	FALSE	FALSE	Dufourea
LOC408794	TRUE	TRUE	Dufourea
LOC408804	FALSE	FALSE	Dufourea
LOC408915	TRUE	TRUE	Dufourea
LOC408955	TRUE	TRUE	Dufourea
LOC409191	TRUE	TRUE	Dufourea
LOC409279	FALSE	TRUE	Dufourea
LOC409318	FALSE	FALSE	Dufourea
LOC409336	TRUE	TRUE	Dufourea
LOC409382	TRUE	TRUE	Dufourea
LOC409473	FALSE	FALSE	Dufourea
LOC409527	FALSE	FALSE	Dufourea
LOC409714	TRUE	TRUE	Dufourea
LOC409777	TRUE	TRUE	Dufourea
LOC409856	TRUE	TRUE	Dufourea
LOC409928	FALSE	FALSE	Dufourea
LOC410041	TRUE	TRUE	Dufourea
LOC410099	FALSE	FALSE	Dufourea
LOC410119	TRUE	TRUE	Dufourea
LOC410217	FALSE	FALSE	Dufourea
LOC410290	FALSE	FALSE	Dufourea
LOC410345	TRUE	TRUE	Dufourea
LOC410350	FALSE	FALSE	Dufourea
LOC410464	FALSE	TRUE	Dufourea
LOC410489	TRUE	TRUE	Dufourea
LOC410565	FALSE	FALSE	Dufourea
LOC410609	TRUE	TRUE	Dufourea
LOC410706	TRUE	TRUE	Dufourea
LOC410948	FALSE	FALSE	Dufourea
LOC410952	TRUE	TRUE	Dufourea
LOC410960	TRUE	TRUE	Dufourea
LOC411053	TRUE	TRUE	Dufourea
LOC411564	FALSE	FALSE	Dufourea
LOC411731	TRUE	TRUE	Dufourea
LOC411806	TRUE	TRUE	Dufourea
LOC411837	FALSE	FALSE	Dufourea
LOC411892	FALSE	FALSE	Dufourea
LOC412157	FALSE	FALSE	Dufourea
LOC412159	FALSE	FALSE	Dufourea
LOC412236	TRUE	TRUE	Dufourea
LOC412362	FALSE	FALSE	Dufourea
LOC412701	TRUE	TRUE	Dufourea
LOC412721	TRUE	TRUE	Dufourea
LOC412739	TRUE	TRUE	Dufourea
LOC412804	TRUE	TRUE	Dufourea
LOC412929	FALSE	FALSE	Dufourea
LOC413032	FALSE	FALSE	Dufourea
LOC413126	FALSE	FALSE	Dufourea
LOC413181	TRUE	TRUE	Dufourea
LOC413207	FALSE	FALSE	Dufourea
LOC413248	TRUE	TRUE	Dufourea
LOC413510	TRUE	TRUE	Dufourea
LOC413631	FALSE	FALSE	Dufourea
LOC413907	FALSE	FALSE	Dufourea
LOC413995	FALSE	FALSE	Dufourea
LOC550651	FALSE	FALSE	Dufourea
LOC550829	FALSE	FALSE	Dufourea
LOC550857	FALSE	FALSE	Dufourea
LOC551205	TRUE	TRUE	Dufourea
LOC551361	FALSE	FALSE	Dufourea
LOC551454	TRUE	TRUE	Dufourea
LOC551494	TRUE	TRUE	Dufourea
LOC551578	TRUE	TRUE	Dufourea
LOC551756	FALSE	FALSE	Dufourea
LOC551931	FALSE	FALSE	Dufourea
LOC552003	FALSE	FALSE	Dufourea
LOC552093	FALSE	FALSE	Dufourea
LOC552194	TRUE	TRUE	Dufourea
LOC552249	FALSE	FALSE	Dufourea
LOC552468	FALSE	FALSE	Dufourea
LOC552527	FALSE	FALSE	Dufourea
LOC552571	FALSE	FALSE	Dufourea
LOC552634	FALSE	FALSE	Dufourea
LOC552642	TRUE	TRUE	Dufourea
LOC552677	FALSE	FALSE	Dufourea
LOC724290	FALSE	FALSE	Dufourea
LOC724294	FALSE	FALSE	Dufourea
LOC724301	TRUE	TRUE	Dufourea
LOC724502	FALSE	FALSE	Dufourea
LOC724593	TRUE	TRUE	Dufourea
LOC724620	TRUE	TRUE	Dufourea
LOC724794	FALSE	FALSE	Dufourea
LOC724933	TRUE	TRUE	Dufourea
LOC725046	TRUE	TRUE	Dufourea
LOC725099	FALSE	FALSE	Dufourea
LOC725216	TRUE	TRUE	Dufourea
LOC725237	TRUE	TRUE	Dufourea
LOC725343	TRUE	TRUE	Dufourea
LOC725496	FALSE	FALSE	Dufourea
LOC725552	TRUE	TRUE	Dufourea
LOC725960	TRUE	TRUE	Dufourea
LOC726133	TRUE	TRUE	Dufourea
LOC726167	FALSE	FALSE	Dufourea
LOC726199	TRUE	TRUE	Dufourea
LOC726524	TRUE	TRUE	Dufourea
LOC726636	TRUE	TRUE	Dufourea
LOC726904	FALSE	FALSE	Dufourea
LOC727027	FALSE	FALSE	Dufourea
LOC727486	TRUE	TRUE	Dufourea
TpnT	FALSE	FALSE	Dufourea
Vg	TRUE	TRUE	Dufourea
LOC100576162	TRUE	TRUE	Ceratina
LOC100576165	FALSE	FALSE	Ceratina
LOC100576640	TRUE	TRUE	Ceratina
LOC100576915	TRUE	TRUE	Ceratina
LOC100577958	TRUE	TRUE	Ceratina
LOC100577972	TRUE	TRUE	Ceratina
LOC100578363	TRUE	TRUE	Ceratina
LOC100578382	FALSE	FALSE	Ceratina
LOC100578587	TRUE	TRUE	Ceratina
LOC100578947	TRUE	TRUE	Ceratina
LOC408551	TRUE	TRUE	Ceratina
LOC408552	TRUE	TRUE	Ceratina
LOC408565	FALSE	FALSE	Ceratina
LOC408878	TRUE	TRUE	Ceratina
LOC408889	FALSE	FALSE	Ceratina
LOC408959	TRUE	TRUE	Ceratina
LOC409111	TRUE	TRUE	Ceratina
LOC409749	FALSE	FALSE	Ceratina
LOC409928	FALSE	FALSE	Ceratina
LOC410057	TRUE	TRUE	Ceratina
LOC410070	TRUE	TRUE	Ceratina
LOC410289	TRUE	TRUE	Ceratina
LOC410485	TRUE	TRUE	Ceratina
LOC410571	TRUE	TRUE	Ceratina
LOC410755	FALSE	FALSE	Ceratina
LOC410925	TRUE	TRUE	Ceratina
LOC411053	TRUE	TRUE	Ceratina
LOC411104	TRUE	TRUE	Ceratina
LOC411526	TRUE	TRUE	Ceratina
LOC411809	FALSE	FALSE	Ceratina
LOC411882	FALSE	FALSE	Ceratina
LOC412000	TRUE	TRUE	Ceratina
LOC412018	FALSE	FALSE	Ceratina
LOC412296	FALSE	FALSE	Ceratina
LOC412508	TRUE	TRUE	Ceratina
LOC413467	FALSE	TRUE	Ceratina
LOC413782	FALSE	FALSE	Ceratina
LOC551012	TRUE	TRUE	Ceratina
LOC551308	FALSE	FALSE	Ceratina
LOC551779	FALSE	FALSE	Ceratina
LOC552245	FALSE	FALSE	Ceratina
LOC552414	TRUE	TRUE	Ceratina
LOC724237	FALSE	FALSE	Ceratina
LOC724290	FALSE	FALSE	Ceratina
LOC724356	FALSE	FALSE	Ceratina
LOC724399	FALSE	FALSE	Ceratina
LOC724483	FALSE	FALSE	Ceratina
LOC724569	TRUE	TRUE	Ceratina
LOC725105	FALSE	FALSE	Ceratina
LOC725618	FALSE	FALSE	Ceratina
LOC725732	TRUE	TRUE	Ceratina
LOC726407	TRUE	TRUE	Ceratina
LOC726416	TRUE	TRUE	Ceratina
LOC727079	FALSE	FALSE	Ceratina
LOC727634	FALSE	FALSE	Ceratina
Rpn1	FALSE	FALSE	Ceratina
Tg	TRUE	TRUE	Ceratina
Vg	TRUE	TRUE	Ceratina
